status	url	aliases-array	submitter_comment	description	title	name	start_date-date	end_date-date	pi-array	project	viewing_group
current	https://www.genome.gov/Funded-Programs-Projects/Impact-of-Genomic-Variation-on-Function-Consortium			Listing of awards (aka grants)	A Data and Administrative Coordinating Center for the Impact of Genomic Variation on Function Consortium	HG-000001	9/1/21	5/31/26	/users/860c4750-8d3c-40f5-8f2c-90c5e5d19e88/	IGVF	IGVF
current	https://www.genome.gov/Funded-Programs-Projects/Impact-of-Genomic-Variation-on-Function-Consortium			Listing of awards (aka grants)	A Data and Administrative Coordinating Center for the Impact of Genomic Variation on Function Consortium	HG-000002	9/1/21	5/31/26	/users/860c4750-8d3c-40f5-8f2c-90c5e5d19e88/	IGVF	IGVF
current	https://www.genome.gov/Funded-Programs-Projects/Impact-of-Genomic-Variation-on-Function-Consortium			Listing of awards (aka grants)	A Data and Administrative Coordinating Center for the Impact of Genomic Variation on Function Consortium	HG-000003	9/1/21	5/31/26	/users/860c4750-8d3c-40f5-8f2c-90c5e5d19e88/	IGVF	IGVF
current	https://www.genome.gov/Funded-Programs-Projects/Impact-of-Genomic-Variation-on-Function-Consortium			Listing of awards (aka grants)	A Data and Administrative Coordinating Center for the Impact of Genomic Variation on Function Consortium	HG-000004	9/1/21	5/31/26	/users/860c4750-8d3c-40f5-8f2c-90c5e5d19e88/	IGVF	IGVF
current	https://www.genome.gov/Funded-Programs-Projects/Impact-of-Genomic-Variation-on-Function-Consortium			Listing of awards (aka grants)	A Data and Administrative Coordinating Center for the Impact of Genomic Variation on Function Consortium	HG-000005	9/1/21	5/31/26	/users/860c4750-8d3c-40f5-8f2c-90c5e5d19e88/	IGVF	IGVF
current	https://www.genome.gov/Funded-Programs-Projects/Impact-of-Genomic-Variation-on-Function-Consortium			Listing of awards (aka grants)	A Data and Administrative Coordinating Center for the Impact of Genomic Variation on Function Consortium	HG-000006	9/1/21	5/31/26	/users/860c4750-8d3c-40f5-8f2c-90c5e5d19e88/	IGVF	IGVF
current	https://www.genome.gov/Funded-Programs-Projects/Impact-of-Genomic-Variation-on-Function-Consortium			Listing of awards (aka grants)	A Data and Administrative Coordinating Center for the Impact of Genomic Variation on Function Consortium	HG-000007	9/1/21	5/31/26	/users/860c4750-8d3c-40f5-8f2c-90c5e5d19e88/	IGVF	IGVF
current	https://www.genome.gov/Funded-Programs-Projects/Impact-of-Genomic-Variation-on-Function-Consortium			Listing of awards (aka grants)	A Data and Administrative Coordinating Center for the Impact of Genomic Variation on Function Consortium	HG-000008	9/1/21	5/31/26	/users/860c4750-8d3c-40f5-8f2c-90c5e5d19e88/	IGVF	IGVF
current	https://www.genome.gov/Funded-Programs-Projects/Impact-of-Genomic-Variation-on-Function-Consortium			Listing of awards (aka grants)	A Data and Administrative Coordinating Center for the Impact of Genomic Variation on Function Consortium	HG-000009	9/1/21	5/31/26	/users/860c4750-8d3c-40f5-8f2c-90c5e5d19e88/	IGVF	IGVF
current	https://www.genome.gov/Funded-Programs-Projects/Impact-of-Genomic-Variation-on-Function-Consortium			Listing of awards (aka grants)	A Data and Administrative Coordinating Center for the Impact of Genomic Variation on Function Consortium	HG-000010	9/1/21	5/31/26	/users/860c4750-8d3c-40f5-8f2c-90c5e5d19e88/	IGVF	IGVF
current	https://www.genome.gov/Funded-Programs-Projects/Impact-of-Genomic-Variation-on-Function-Consortium			Listing of awards (aka grants)	A Data and Administrative Coordinating Center for the Impact of Genomic Variation on Function Consortium	HG-000011	9/1/21	5/31/26	/users/860c4750-8d3c-40f5-8f2c-90c5e5d19e88/	IGVF	IGVF
current	https://www.genome.gov/Funded-Programs-Projects/Impact-of-Genomic-Variation-on-Function-Consortium			Listing of awards (aka grants)	A Data and Administrative Coordinating Center for the Impact of Genomic Variation on Function Consortium	HG-000012	9/1/21	5/31/26	/users/860c4750-8d3c-40f5-8f2c-90c5e5d19e88/	IGVF	IGVF
current	https://www.genome.gov/Funded-Programs-Projects/Impact-of-Genomic-Variation-on-Function-Consortium			Listing of awards (aka grants)	A Data and Administrative Coordinating Center for the Impact of Genomic Variation on Function Consortium	HG-000013	9/1/21	5/31/26	/users/860c4750-8d3c-40f5-8f2c-90c5e5d19e88/	IGVF	IGVF
current	https://www.genome.gov/Funded-Programs-Projects/Impact-of-Genomic-Variation-on-Function-Consortium			Listing of awards (aka grants)	A Data and Administrative Coordinating Center for the Impact of Genomic Variation on Function Consortium	HG-000014	9/1/21	5/31/26	/users/860c4750-8d3c-40f5-8f2c-90c5e5d19e88/	IGVF	IGVF
current	https://www.genome.gov/Funded-Programs-Projects/Impact-of-Genomic-Variation-on-Function-Consortium			Listing of awards (aka grants)	A Data and Administrative Coordinating Center for the Impact of Genomic Variation on Function Consortium	HG-000015	9/1/21	5/31/26	/users/860c4750-8d3c-40f5-8f2c-90c5e5d19e88/	IGVF	IGVF
current	https://www.genome.gov/Funded-Programs-Projects/Impact-of-Genomic-Variation-on-Function-Consortium			Listing of awards (aka grants)	A Data and Administrative Coordinating Center for the Impact of Genomic Variation on Function Consortium	HG-000016	9/1/21	5/31/26	/users/860c4750-8d3c-40f5-8f2c-90c5e5d19e88/	IGVF	IGVF
current	https://www.genome.gov/Funded-Programs-Projects/Impact-of-Genomic-Variation-on-Function-Consortium			Listing of awards (aka grants)	A Data and Administrative Coordinating Center for the Impact of Genomic Variation on Function Consortium	HG-000017	9/1/21	5/31/26	/users/860c4750-8d3c-40f5-8f2c-90c5e5d19e88/	IGVF	IGVF
current	https://www.genome.gov/Funded-Programs-Projects/Impact-of-Genomic-Variation-on-Function-Consortium			Listing of awards (aka grants)	A Data and Administrative Coordinating Center for the Impact of Genomic Variation on Function Consortium	HG-000018	9/1/21	5/31/26	/users/860c4750-8d3c-40f5-8f2c-90c5e5d19e88/	IGVF	IGVF
current	https://www.genome.gov/Funded-Programs-Projects/Impact-of-Genomic-Variation-on-Function-Consortium			Listing of awards (aka grants)	A Data and Administrative Coordinating Center for the Impact of Genomic Variation on Function Consortium	HG-000019	9/1/21	5/31/26	/users/860c4750-8d3c-40f5-8f2c-90c5e5d19e88/	IGVF	IGVF
current	https://www.genome.gov/Funded-Programs-Projects/Impact-of-Genomic-Variation-on-Function-Consortium			Listing of awards (aka grants)	A Data and Administrative Coordinating Center for the Impact of Genomic Variation on Function Consortium	HG-000020	9/1/21	5/31/26	/users/860c4750-8d3c-40f5-8f2c-90c5e5d19e88/	IGVF	IGVF
current	https://www.genome.gov/Funded-Programs-Projects/Impact-of-Genomic-Variation-on-Function-Consortium			Listing of awards (aka grants)	A Data and Administrative Coordinating Center for the Impact of Genomic Variation on Function Consortium	HG-000021	9/1/21	5/31/26	/users/860c4750-8d3c-40f5-8f2c-90c5e5d19e88/	IGVF	IGVF
current	https://www.genome.gov/Funded-Programs-Projects/Impact-of-Genomic-Variation-on-Function-Consortium			Listing of awards (aka grants)	A Data and Administrative Coordinating Center for the Impact of Genomic Variation on Function Consortium	HG-000022	9/1/21	5/31/26	/users/860c4750-8d3c-40f5-8f2c-90c5e5d19e88/	IGVF	IGVF
current	https://www.genome.gov/Funded-Programs-Projects/Impact-of-Genomic-Variation-on-Function-Consortium			Listing of awards (aka grants)	A Data and Administrative Coordinating Center for the Impact of Genomic Variation on Function Consortium	HG-000023	9/1/21	5/31/26	/users/860c4750-8d3c-40f5-8f2c-90c5e5d19e88/	IGVF	IGVF
current	https://www.genome.gov/Funded-Programs-Projects/Impact-of-Genomic-Variation-on-Function-Consortium			Listing of awards (aka grants)	A Data and Administrative Coordinating Center for the Impact of Genomic Variation on Function Consortium	HG-000024	9/1/21	5/31/26	/users/860c4750-8d3c-40f5-8f2c-90c5e5d19e88/	IGVF	IGVF
current	https://www.genome.gov/Funded-Programs-Projects/Impact-of-Genomic-Variation-on-Function-Consortium			Listing of awards (aka grants)	A Data and Administrative Coordinating Center for the Impact of Genomic Variation on Function Consortium	HG-000025	9/1/21	5/31/26	/users/860c4750-8d3c-40f5-8f2c-90c5e5d19e88/	IGVF	IGVF
current	https://www.genome.gov/Funded-Programs-Projects/Impact-of-Genomic-Variation-on-Function-Consortium			Listing of awards (aka grants)	A Data and Administrative Coordinating Center for the Impact of Genomic Variation on Function Consortium	HG-000026	9/1/21	5/31/26	/users/860c4750-8d3c-40f5-8f2c-90c5e5d19e88/	IGVF	IGVF
current	https://www.genome.gov/Funded-Programs-Projects/Impact-of-Genomic-Variation-on-Function-Consortium			Listing of awards (aka grants)	A Data and Administrative Coordinating Center for the Impact of Genomic Variation on Function Consortium	HG-000027	9/1/21	5/31/26	/users/860c4750-8d3c-40f5-8f2c-90c5e5d19e88/	IGVF	IGVF
current	https://www.genome.gov/Funded-Programs-Projects/Impact-of-Genomic-Variation-on-Function-Consortium			Listing of awards (aka grants)	A Data and Administrative Coordinating Center for the Impact of Genomic Variation on Function Consortium	HG-000028	9/1/21	5/31/26	/users/860c4750-8d3c-40f5-8f2c-90c5e5d19e88/	IGVF	IGVF
current	https://www.genome.gov/Funded-Programs-Projects/Impact-of-Genomic-Variation-on-Function-Consortium			Listing of awards (aka grants)	A Data and Administrative Coordinating Center for the Impact of Genomic Variation on Function Consortium	HG-000029	9/1/21	5/31/26	/users/860c4750-8d3c-40f5-8f2c-90c5e5d19e88/	IGVF	IGVF
current	https://www.genome.gov/Funded-Programs-Projects/Impact-of-Genomic-Variation-on-Function-Consortium			Listing of awards (aka grants)	A Data and Administrative Coordinating Center for the Impact of Genomic Variation on Function Consortium	HG-000030	9/1/21	5/31/26	/users/860c4750-8d3c-40f5-8f2c-90c5e5d19e88/	IGVF	IGVF
current	https://www.genome.gov/Funded-Programs-Projects/Impact-of-Genomic-Variation-on-Function-Consortium			Listing of awards (aka grants)	A Data and Administrative Coordinating Center for the Impact of Genomic Variation on Function Consortium	HG-000031	9/1/21	5/31/26	/users/860c4750-8d3c-40f5-8f2c-90c5e5d19e88/	IGVF	IGVF
current	https://www.genome.gov/Funded-Programs-Projects/Impact-of-Genomic-Variation-on-Function-Consortium			Listing of awards (aka grants)	A Data and Administrative Coordinating Center for the Impact of Genomic Variation on Function Consortium	HG-000032	9/1/21	5/31/26	/users/860c4750-8d3c-40f5-8f2c-90c5e5d19e88/	IGVF	IGVF
current	https://www.genome.gov/Funded-Programs-Projects/Impact-of-Genomic-Variation-on-Function-Consortium			Listing of awards (aka grants)	A Data and Administrative Coordinating Center for the Impact of Genomic Variation on Function Consortium	HG-000033	9/1/21	5/31/26	/users/860c4750-8d3c-40f5-8f2c-90c5e5d19e88/	IGVF	IGVF
current	https://www.genome.gov/Funded-Programs-Projects/Impact-of-Genomic-Variation-on-Function-Consortium			Listing of awards (aka grants)	A Data and Administrative Coordinating Center for the Impact of Genomic Variation on Function Consortium	HG-000034	9/1/21	5/31/26	/users/860c4750-8d3c-40f5-8f2c-90c5e5d19e88/	IGVF	IGVF
current	https://www.genome.gov/Funded-Programs-Projects/Impact-of-Genomic-Variation-on-Function-Consortium			Listing of awards (aka grants)	A Data and Administrative Coordinating Center for the Impact of Genomic Variation on Function Consortium	HG-000035	9/1/21	5/31/26	/users/860c4750-8d3c-40f5-8f2c-90c5e5d19e88/	IGVF	IGVF
current	https://www.genome.gov/Funded-Programs-Projects/Impact-of-Genomic-Variation-on-Function-Consortium			Listing of awards (aka grants)	A Data and Administrative Coordinating Center for the Impact of Genomic Variation on Function Consortium	HG-000036	9/1/21	5/31/26	/users/860c4750-8d3c-40f5-8f2c-90c5e5d19e88/	IGVF	IGVF
current	https://www.genome.gov/Funded-Programs-Projects/Impact-of-Genomic-Variation-on-Function-Consortium			Listing of awards (aka grants)	A Data and Administrative Coordinating Center for the Impact of Genomic Variation on Function Consortium	HG-000037	9/1/21	5/31/26	/users/860c4750-8d3c-40f5-8f2c-90c5e5d19e88/	IGVF	IGVF
current	https://www.genome.gov/Funded-Programs-Projects/Impact-of-Genomic-Variation-on-Function-Consortium			Listing of awards (aka grants)	A Data and Administrative Coordinating Center for the Impact of Genomic Variation on Function Consortium	HG-000038	9/1/21	5/31/26	/users/860c4750-8d3c-40f5-8f2c-90c5e5d19e88/	IGVF	IGVF
current	https://www.genome.gov/Funded-Programs-Projects/Impact-of-Genomic-Variation-on-Function-Consortium			Listing of awards (aka grants)	A Data and Administrative Coordinating Center for the Impact of Genomic Variation on Function Consortium	HG-000039	9/1/21	5/31/26	/users/860c4750-8d3c-40f5-8f2c-90c5e5d19e88/	IGVF	IGVF
current	https://www.genome.gov/Funded-Programs-Projects/Impact-of-Genomic-Variation-on-Function-Consortium			Listing of awards (aka grants)	A Data and Administrative Coordinating Center for the Impact of Genomic Variation on Function Consortium	HG-000040	9/1/21	5/31/26	/users/860c4750-8d3c-40f5-8f2c-90c5e5d19e88/	IGVF	IGVF
current	https://www.genome.gov/Funded-Programs-Projects/Impact-of-Genomic-Variation-on-Function-Consortium			Listing of awards (aka grants)	A Data and Administrative Coordinating Center for the Impact of Genomic Variation on Function Consortium	HG-000041	9/1/21	5/31/26	/users/860c4750-8d3c-40f5-8f2c-90c5e5d19e88/	IGVF	IGVF
current	https://www.genome.gov/Funded-Programs-Projects/Impact-of-Genomic-Variation-on-Function-Consortium			Listing of awards (aka grants)	A Data and Administrative Coordinating Center for the Impact of Genomic Variation on Function Consortium	HG-000042	9/1/21	5/31/26	/users/860c4750-8d3c-40f5-8f2c-90c5e5d19e88/	IGVF	IGVF
current	https://www.genome.gov/Funded-Programs-Projects/Impact-of-Genomic-Variation-on-Function-Consortium			Listing of awards (aka grants)	A Data and Administrative Coordinating Center for the Impact of Genomic Variation on Function Consortium	HG-000043	9/1/21	5/31/26	/users/860c4750-8d3c-40f5-8f2c-90c5e5d19e88/	IGVF	IGVF
current	https://www.genome.gov/Funded-Programs-Projects/Impact-of-Genomic-Variation-on-Function-Consortium			Listing of awards (aka grants)	A Data and Administrative Coordinating Center for the Impact of Genomic Variation on Function Consortium	HG-000044	9/1/21	5/31/26	/users/860c4750-8d3c-40f5-8f2c-90c5e5d19e88/	IGVF	IGVF
current	https://www.genome.gov/Funded-Programs-Projects/Impact-of-Genomic-Variation-on-Function-Consortium			Listing of awards (aka grants)	A Data and Administrative Coordinating Center for the Impact of Genomic Variation on Function Consortium	HG-000045	9/1/21	5/31/26	/users/860c4750-8d3c-40f5-8f2c-90c5e5d19e88/	IGVF	IGVF
current	https://www.genome.gov/Funded-Programs-Projects/Impact-of-Genomic-Variation-on-Function-Consortium			Listing of awards (aka grants)	A Data and Administrative Coordinating Center for the Impact of Genomic Variation on Function Consortium	HG-000046	9/1/21	5/31/26	/users/860c4750-8d3c-40f5-8f2c-90c5e5d19e88/	IGVF	IGVF
current	https://www.genome.gov/Funded-Programs-Projects/Impact-of-Genomic-Variation-on-Function-Consortium			Listing of awards (aka grants)	A Data and Administrative Coordinating Center for the Impact of Genomic Variation on Function Consortium	HG-000047	9/1/21	5/31/26	/users/860c4750-8d3c-40f5-8f2c-90c5e5d19e88/	IGVF	IGVF
current	https://www.genome.gov/Funded-Programs-Projects/Impact-of-Genomic-Variation-on-Function-Consortium			Listing of awards (aka grants)	A Data and Administrative Coordinating Center for the Impact of Genomic Variation on Function Consortium	HG-000048	9/1/21	5/31/26	/users/860c4750-8d3c-40f5-8f2c-90c5e5d19e88/	IGVF	IGVF
current	https://www.genome.gov/Funded-Programs-Projects/Impact-of-Genomic-Variation-on-Function-Consortium			Listing of awards (aka grants)	A Data and Administrative Coordinating Center for the Impact of Genomic Variation on Function Consortium	HG-000049	9/1/21	5/31/26	/users/860c4750-8d3c-40f5-8f2c-90c5e5d19e88/	IGVF	IGVF
current	https://www.genome.gov/Funded-Programs-Projects/Impact-of-Genomic-Variation-on-Function-Consortium			Listing of awards (aka grants)	A Data and Administrative Coordinating Center for the Impact of Genomic Variation on Function Consortium	HG-000050	9/1/21	5/31/26	/users/860c4750-8d3c-40f5-8f2c-90c5e5d19e88/	IGVF	IGVF
current	https://www.genome.gov/Funded-Programs-Projects/Impact-of-Genomic-Variation-on-Function-Consortium			Listing of awards (aka grants)	A Data and Administrative Coordinating Center for the Impact of Genomic Variation on Function Consortium	HG-000051	9/1/21	5/31/26	/users/860c4750-8d3c-40f5-8f2c-90c5e5d19e88/	IGVF	IGVF
current	https://www.genome.gov/Funded-Programs-Projects/Impact-of-Genomic-Variation-on-Function-Consortium			Listing of awards (aka grants)	A Data and Administrative Coordinating Center for the Impact of Genomic Variation on Function Consortium	HG-000052	9/1/21	5/31/26	/users/860c4750-8d3c-40f5-8f2c-90c5e5d19e88/	IGVF	IGVF
current	https://www.genome.gov/Funded-Programs-Projects/Impact-of-Genomic-Variation-on-Function-Consortium			Listing of awards (aka grants)	A Data and Administrative Coordinating Center for the Impact of Genomic Variation on Function Consortium	HG-000053	9/1/21	5/31/26	/users/860c4750-8d3c-40f5-8f2c-90c5e5d19e88/	IGVF	IGVF
current	https://www.genome.gov/Funded-Programs-Projects/Impact-of-Genomic-Variation-on-Function-Consortium			Listing of awards (aka grants)	A Data and Administrative Coordinating Center for the Impact of Genomic Variation on Function Consortium	HG-000054	9/1/21	5/31/26	/users/860c4750-8d3c-40f5-8f2c-90c5e5d19e88/	IGVF	IGVF
current	https://www.genome.gov/Funded-Programs-Projects/Impact-of-Genomic-Variation-on-Function-Consortium			Listing of awards (aka grants)	A Data and Administrative Coordinating Center for the Impact of Genomic Variation on Function Consortium	HG-000055	9/1/21	5/31/26	/users/860c4750-8d3c-40f5-8f2c-90c5e5d19e88/	IGVF	IGVF
current	https://www.genome.gov/Funded-Programs-Projects/Impact-of-Genomic-Variation-on-Function-Consortium			Listing of awards (aka grants)	A Data and Administrative Coordinating Center for the Impact of Genomic Variation on Function Consortium	HG-000056	9/1/21	5/31/26	/users/860c4750-8d3c-40f5-8f2c-90c5e5d19e88/	IGVF	IGVF
current	https://www.genome.gov/Funded-Programs-Projects/Impact-of-Genomic-Variation-on-Function-Consortium			Listing of awards (aka grants)	A Data and Administrative Coordinating Center for the Impact of Genomic Variation on Function Consortium	HG-000057	9/1/21	5/31/26	/users/860c4750-8d3c-40f5-8f2c-90c5e5d19e88/	IGVF	IGVF
current	https://www.genome.gov/Funded-Programs-Projects/Impact-of-Genomic-Variation-on-Function-Consortium			Listing of awards (aka grants)	A Data and Administrative Coordinating Center for the Impact of Genomic Variation on Function Consortium	HG-000058	9/1/21	5/31/26	/users/860c4750-8d3c-40f5-8f2c-90c5e5d19e88/	IGVF	IGVF
current	https://www.genome.gov/Funded-Programs-Projects/Impact-of-Genomic-Variation-on-Function-Consortium			Listing of awards (aka grants)	A Data and Administrative Coordinating Center for the Impact of Genomic Variation on Function Consortium	HG-000059	9/1/21	5/31/26	/users/860c4750-8d3c-40f5-8f2c-90c5e5d19e88/	IGVF	IGVF
current	https://www.genome.gov/Funded-Programs-Projects/Impact-of-Genomic-Variation-on-Function-Consortium			Listing of awards (aka grants)	A Data and Administrative Coordinating Center for the Impact of Genomic Variation on Function Consortium	HG-000060	9/1/21	5/31/26	/users/860c4750-8d3c-40f5-8f2c-90c5e5d19e88/	IGVF	IGVF
current	https://www.genome.gov/Funded-Programs-Projects/Impact-of-Genomic-Variation-on-Function-Consortium			Listing of awards (aka grants)	A Data and Administrative Coordinating Center for the Impact of Genomic Variation on Function Consortium	HG-000061	9/1/21	5/31/26	/users/860c4750-8d3c-40f5-8f2c-90c5e5d19e88/	IGVF	IGVF
current	https://www.genome.gov/Funded-Programs-Projects/Impact-of-Genomic-Variation-on-Function-Consortium			Listing of awards (aka grants)	A Data and Administrative Coordinating Center for the Impact of Genomic Variation on Function Consortium	HG-000062	9/1/21	5/31/26	/users/860c4750-8d3c-40f5-8f2c-90c5e5d19e88/	IGVF	IGVF
current	https://www.genome.gov/Funded-Programs-Projects/Impact-of-Genomic-Variation-on-Function-Consortium			Listing of awards (aka grants)	A Data and Administrative Coordinating Center for the Impact of Genomic Variation on Function Consortium	HG-000063	9/1/21	5/31/26	/users/860c4750-8d3c-40f5-8f2c-90c5e5d19e88/	IGVF	IGVF
current	https://www.genome.gov/Funded-Programs-Projects/Impact-of-Genomic-Variation-on-Function-Consortium			Listing of awards (aka grants)	A Data and Administrative Coordinating Center for the Impact of Genomic Variation on Function Consortium	HG-000064	9/1/21	5/31/26	/users/860c4750-8d3c-40f5-8f2c-90c5e5d19e88/	IGVF	IGVF
current	https://www.genome.gov/Funded-Programs-Projects/Impact-of-Genomic-Variation-on-Function-Consortium			Listing of awards (aka grants)	A Data and Administrative Coordinating Center for the Impact of Genomic Variation on Function Consortium	HG-000065	9/1/21	5/31/26	/users/860c4750-8d3c-40f5-8f2c-90c5e5d19e88/	IGVF	IGVF
current	https://www.genome.gov/Funded-Programs-Projects/Impact-of-Genomic-Variation-on-Function-Consortium			Listing of awards (aka grants)	A Data and Administrative Coordinating Center for the Impact of Genomic Variation on Function Consortium	HG-000066	9/1/21	5/31/26	/users/860c4750-8d3c-40f5-8f2c-90c5e5d19e88/	IGVF	IGVF
current	https://www.genome.gov/Funded-Programs-Projects/Impact-of-Genomic-Variation-on-Function-Consortium			Listing of awards (aka grants)	A Data and Administrative Coordinating Center for the Impact of Genomic Variation on Function Consortium	HG-000067	9/1/21	5/31/26	/users/860c4750-8d3c-40f5-8f2c-90c5e5d19e88/	IGVF	IGVF
current	https://www.genome.gov/Funded-Programs-Projects/Impact-of-Genomic-Variation-on-Function-Consortium			Listing of awards (aka grants)	A Data and Administrative Coordinating Center for the Impact of Genomic Variation on Function Consortium	HG-000068	9/1/21	5/31/26	/users/860c4750-8d3c-40f5-8f2c-90c5e5d19e88/	IGVF	IGVF
current	https://www.genome.gov/Funded-Programs-Projects/Impact-of-Genomic-Variation-on-Function-Consortium			Listing of awards (aka grants)	A Data and Administrative Coordinating Center for the Impact of Genomic Variation on Function Consortium	HG-000069	9/1/21	5/31/26	/users/860c4750-8d3c-40f5-8f2c-90c5e5d19e88/	IGVF	IGVF
current	https://www.genome.gov/Funded-Programs-Projects/Impact-of-Genomic-Variation-on-Function-Consortium			Listing of awards (aka grants)	A Data and Administrative Coordinating Center for the Impact of Genomic Variation on Function Consortium	HG-000070	9/1/21	5/31/26	/users/860c4750-8d3c-40f5-8f2c-90c5e5d19e88/	IGVF	IGVF
current	https://www.genome.gov/Funded-Programs-Projects/Impact-of-Genomic-Variation-on-Function-Consortium			Listing of awards (aka grants)	A Data and Administrative Coordinating Center for the Impact of Genomic Variation on Function Consortium	HG-000071	9/1/21	5/31/26	/users/860c4750-8d3c-40f5-8f2c-90c5e5d19e88/	IGVF	IGVF
current	https://www.genome.gov/Funded-Programs-Projects/Impact-of-Genomic-Variation-on-Function-Consortium			Listing of awards (aka grants)	A Data and Administrative Coordinating Center for the Impact of Genomic Variation on Function Consortium	HG-000072	9/1/21	5/31/26	/users/860c4750-8d3c-40f5-8f2c-90c5e5d19e88/	IGVF	IGVF
current	https://www.genome.gov/Funded-Programs-Projects/Impact-of-Genomic-Variation-on-Function-Consortium			Listing of awards (aka grants)	A Data and Administrative Coordinating Center for the Impact of Genomic Variation on Function Consortium	HG-000073	9/1/21	5/31/26	/users/860c4750-8d3c-40f5-8f2c-90c5e5d19e88/	IGVF	IGVF
current	https://www.genome.gov/Funded-Programs-Projects/Impact-of-Genomic-Variation-on-Function-Consortium			Listing of awards (aka grants)	A Data and Administrative Coordinating Center for the Impact of Genomic Variation on Function Consortium	HG-000074	9/1/21	5/31/26	/users/860c4750-8d3c-40f5-8f2c-90c5e5d19e88/	IGVF	IGVF
current	https://www.genome.gov/Funded-Programs-Projects/Impact-of-Genomic-Variation-on-Function-Consortium			Listing of awards (aka grants)	A Data and Administrative Coordinating Center for the Impact of Genomic Variation on Function Consortium	HG-000075	9/1/21	5/31/26	/users/860c4750-8d3c-40f5-8f2c-90c5e5d19e88/	IGVF	IGVF
current	https://www.genome.gov/Funded-Programs-Projects/Impact-of-Genomic-Variation-on-Function-Consortium			Listing of awards (aka grants)	A Data and Administrative Coordinating Center for the Impact of Genomic Variation on Function Consortium	HG-000076	9/1/21	5/31/26	/users/860c4750-8d3c-40f5-8f2c-90c5e5d19e88/	IGVF	IGVF
current	https://www.genome.gov/Funded-Programs-Projects/Impact-of-Genomic-Variation-on-Function-Consortium			Listing of awards (aka grants)	A Data and Administrative Coordinating Center for the Impact of Genomic Variation on Function Consortium	HG-000077	9/1/21	5/31/26	/users/860c4750-8d3c-40f5-8f2c-90c5e5d19e88/	IGVF	IGVF
current	https://www.genome.gov/Funded-Programs-Projects/Impact-of-Genomic-Variation-on-Function-Consortium			Listing of awards (aka grants)	A Data and Administrative Coordinating Center for the Impact of Genomic Variation on Function Consortium	HG-000078	9/1/21	5/31/26	/users/860c4750-8d3c-40f5-8f2c-90c5e5d19e88/	IGVF	IGVF
current	https://www.genome.gov/Funded-Programs-Projects/Impact-of-Genomic-Variation-on-Function-Consortium			Listing of awards (aka grants)	A Data and Administrative Coordinating Center for the Impact of Genomic Variation on Function Consortium	HG-000079	9/1/21	5/31/26	/users/860c4750-8d3c-40f5-8f2c-90c5e5d19e88/	IGVF	IGVF
current	https://www.genome.gov/Funded-Programs-Projects/Impact-of-Genomic-Variation-on-Function-Consortium			Listing of awards (aka grants)	A Data and Administrative Coordinating Center for the Impact of Genomic Variation on Function Consortium	HG-000080	9/1/21	5/31/26	/users/860c4750-8d3c-40f5-8f2c-90c5e5d19e88/	IGVF	IGVF
current	https://www.genome.gov/Funded-Programs-Projects/Impact-of-Genomic-Variation-on-Function-Consortium			Listing of awards (aka grants)	A Data and Administrative Coordinating Center for the Impact of Genomic Variation on Function Consortium	HG-000081	9/1/21	5/31/26	/users/860c4750-8d3c-40f5-8f2c-90c5e5d19e88/	IGVF	IGVF
current	https://www.genome.gov/Funded-Programs-Projects/Impact-of-Genomic-Variation-on-Function-Consortium			Listing of awards (aka grants)	A Data and Administrative Coordinating Center for the Impact of Genomic Variation on Function Consortium	HG-000082	9/1/21	5/31/26	/users/860c4750-8d3c-40f5-8f2c-90c5e5d19e88/	IGVF	IGVF
current	https://www.genome.gov/Funded-Programs-Projects/Impact-of-Genomic-Variation-on-Function-Consortium			Listing of awards (aka grants)	A Data and Administrative Coordinating Center for the Impact of Genomic Variation on Function Consortium	HG-000083	9/1/21	5/31/26	/users/860c4750-8d3c-40f5-8f2c-90c5e5d19e88/	IGVF	IGVF
current	https://www.genome.gov/Funded-Programs-Projects/Impact-of-Genomic-Variation-on-Function-Consortium			Listing of awards (aka grants)	A Data and Administrative Coordinating Center for the Impact of Genomic Variation on Function Consortium	HG-000084	9/1/21	5/31/26	/users/860c4750-8d3c-40f5-8f2c-90c5e5d19e88/	IGVF	IGVF
current	https://www.genome.gov/Funded-Programs-Projects/Impact-of-Genomic-Variation-on-Function-Consortium			Listing of awards (aka grants)	A Data and Administrative Coordinating Center for the Impact of Genomic Variation on Function Consortium	HG-000085	9/1/21	5/31/26	/users/860c4750-8d3c-40f5-8f2c-90c5e5d19e88/	IGVF	IGVF
current	https://www.genome.gov/Funded-Programs-Projects/Impact-of-Genomic-Variation-on-Function-Consortium			Listing of awards (aka grants)	A Data and Administrative Coordinating Center for the Impact of Genomic Variation on Function Consortium	HG-000086	9/1/21	5/31/26	/users/860c4750-8d3c-40f5-8f2c-90c5e5d19e88/	IGVF	IGVF
current	https://www.genome.gov/Funded-Programs-Projects/Impact-of-Genomic-Variation-on-Function-Consortium			Listing of awards (aka grants)	A Data and Administrative Coordinating Center for the Impact of Genomic Variation on Function Consortium	HG-000087	9/1/21	5/31/26	/users/860c4750-8d3c-40f5-8f2c-90c5e5d19e88/	IGVF	IGVF
current	https://www.genome.gov/Funded-Programs-Projects/Impact-of-Genomic-Variation-on-Function-Consortium			Listing of awards (aka grants)	A Data and Administrative Coordinating Center for the Impact of Genomic Variation on Function Consortium	HG-000088	9/1/21	5/31/26	/users/860c4750-8d3c-40f5-8f2c-90c5e5d19e88/	IGVF	IGVF
current	https://www.genome.gov/Funded-Programs-Projects/Impact-of-Genomic-Variation-on-Function-Consortium			Listing of awards (aka grants)	A Data and Administrative Coordinating Center for the Impact of Genomic Variation on Function Consortium	HG-000089	9/1/21	5/31/26	/users/860c4750-8d3c-40f5-8f2c-90c5e5d19e88/	IGVF	IGVF
current	https://www.genome.gov/Funded-Programs-Projects/Impact-of-Genomic-Variation-on-Function-Consortium			Listing of awards (aka grants)	A Data and Administrative Coordinating Center for the Impact of Genomic Variation on Function Consortium	HG-000090	9/1/21	5/31/26	/users/860c4750-8d3c-40f5-8f2c-90c5e5d19e88/	IGVF	IGVF
current	https://www.genome.gov/Funded-Programs-Projects/Impact-of-Genomic-Variation-on-Function-Consortium			Listing of awards (aka grants)	A Data and Administrative Coordinating Center for the Impact of Genomic Variation on Function Consortium	HG-000091	9/1/21	5/31/26	/users/860c4750-8d3c-40f5-8f2c-90c5e5d19e88/	IGVF	IGVF
current	https://www.genome.gov/Funded-Programs-Projects/Impact-of-Genomic-Variation-on-Function-Consortium			Listing of awards (aka grants)	A Data and Administrative Coordinating Center for the Impact of Genomic Variation on Function Consortium	HG-000092	9/1/21	5/31/26	/users/860c4750-8d3c-40f5-8f2c-90c5e5d19e88/	IGVF	IGVF
current	https://www.genome.gov/Funded-Programs-Projects/Impact-of-Genomic-Variation-on-Function-Consortium			Listing of awards (aka grants)	A Data and Administrative Coordinating Center for the Impact of Genomic Variation on Function Consortium	HG-000093	9/1/21	5/31/26	/users/860c4750-8d3c-40f5-8f2c-90c5e5d19e88/	IGVF	IGVF
current	https://www.genome.gov/Funded-Programs-Projects/Impact-of-Genomic-Variation-on-Function-Consortium			Listing of awards (aka grants)	A Data and Administrative Coordinating Center for the Impact of Genomic Variation on Function Consortium	HG-000094	9/1/21	5/31/26	/users/860c4750-8d3c-40f5-8f2c-90c5e5d19e88/	IGVF	IGVF
current	https://www.genome.gov/Funded-Programs-Projects/Impact-of-Genomic-Variation-on-Function-Consortium			Listing of awards (aka grants)	A Data and Administrative Coordinating Center for the Impact of Genomic Variation on Function Consortium	HG-000095	9/1/21	5/31/26	/users/860c4750-8d3c-40f5-8f2c-90c5e5d19e88/	IGVF	IGVF
current	https://www.genome.gov/Funded-Programs-Projects/Impact-of-Genomic-Variation-on-Function-Consortium			Listing of awards (aka grants)	A Data and Administrative Coordinating Center for the Impact of Genomic Variation on Function Consortium	HG-000096	9/1/21	5/31/26	/users/860c4750-8d3c-40f5-8f2c-90c5e5d19e88/	IGVF	IGVF
current	https://www.genome.gov/Funded-Programs-Projects/Impact-of-Genomic-Variation-on-Function-Consortium			Listing of awards (aka grants)	A Data and Administrative Coordinating Center for the Impact of Genomic Variation on Function Consortium	HG-000097	9/1/21	5/31/26	/users/860c4750-8d3c-40f5-8f2c-90c5e5d19e88/	IGVF	IGVF
current	https://www.genome.gov/Funded-Programs-Projects/Impact-of-Genomic-Variation-on-Function-Consortium			Listing of awards (aka grants)	A Data and Administrative Coordinating Center for the Impact of Genomic Variation on Function Consortium	HG-000098	9/1/21	5/31/26	/users/860c4750-8d3c-40f5-8f2c-90c5e5d19e88/	IGVF	IGVF
current	https://www.genome.gov/Funded-Programs-Projects/Impact-of-Genomic-Variation-on-Function-Consortium			Listing of awards (aka grants)	A Data and Administrative Coordinating Center for the Impact of Genomic Variation on Function Consortium	HG-000099	9/1/21	5/31/26	/users/860c4750-8d3c-40f5-8f2c-90c5e5d19e88/	IGVF	IGVF
current	https://www.genome.gov/Funded-Programs-Projects/Impact-of-Genomic-Variation-on-Function-Consortium			Listing of awards (aka grants)	A Data and Administrative Coordinating Center for the Impact of Genomic Variation on Function Consortium	HG-000100	9/1/21	5/31/26	/users/860c4750-8d3c-40f5-8f2c-90c5e5d19e88/	IGVF	IGVF
current	https://www.genome.gov/Funded-Programs-Projects/Impact-of-Genomic-Variation-on-Function-Consortium			Listing of awards (aka grants)	A Data and Administrative Coordinating Center for the Impact of Genomic Variation on Function Consortium	HG-000101	9/1/21	5/31/26	/users/860c4750-8d3c-40f5-8f2c-90c5e5d19e88/	IGVF	IGVF
current	https://www.genome.gov/Funded-Programs-Projects/Impact-of-Genomic-Variation-on-Function-Consortium			Listing of awards (aka grants)	A Data and Administrative Coordinating Center for the Impact of Genomic Variation on Function Consortium	HG-000102	9/1/21	5/31/26	/users/860c4750-8d3c-40f5-8f2c-90c5e5d19e88/	IGVF	IGVF
current	https://www.genome.gov/Funded-Programs-Projects/Impact-of-Genomic-Variation-on-Function-Consortium			Listing of awards (aka grants)	A Data and Administrative Coordinating Center for the Impact of Genomic Variation on Function Consortium	HG-000103	9/1/21	5/31/26	/users/860c4750-8d3c-40f5-8f2c-90c5e5d19e88/	IGVF	IGVF
current	https://www.genome.gov/Funded-Programs-Projects/Impact-of-Genomic-Variation-on-Function-Consortium			Listing of awards (aka grants)	A Data and Administrative Coordinating Center for the Impact of Genomic Variation on Function Consortium	HG-000104	9/1/21	5/31/26	/users/860c4750-8d3c-40f5-8f2c-90c5e5d19e88/	IGVF	IGVF
current	https://www.genome.gov/Funded-Programs-Projects/Impact-of-Genomic-Variation-on-Function-Consortium			Listing of awards (aka grants)	A Data and Administrative Coordinating Center for the Impact of Genomic Variation on Function Consortium	HG-000105	9/1/21	5/31/26	/users/860c4750-8d3c-40f5-8f2c-90c5e5d19e88/	IGVF	IGVF
current	https://www.genome.gov/Funded-Programs-Projects/Impact-of-Genomic-Variation-on-Function-Consortium			Listing of awards (aka grants)	A Data and Administrative Coordinating Center for the Impact of Genomic Variation on Function Consortium	HG-000106	9/1/21	5/31/26	/users/860c4750-8d3c-40f5-8f2c-90c5e5d19e88/	IGVF	IGVF
current	https://www.genome.gov/Funded-Programs-Projects/Impact-of-Genomic-Variation-on-Function-Consortium			Listing of awards (aka grants)	A Data and Administrative Coordinating Center for the Impact of Genomic Variation on Function Consortium	HG-000107	9/1/21	5/31/26	/users/860c4750-8d3c-40f5-8f2c-90c5e5d19e88/	IGVF	IGVF
current	https://www.genome.gov/Funded-Programs-Projects/Impact-of-Genomic-Variation-on-Function-Consortium			Listing of awards (aka grants)	A Data and Administrative Coordinating Center for the Impact of Genomic Variation on Function Consortium	HG-000108	9/1/21	5/31/26	/users/860c4750-8d3c-40f5-8f2c-90c5e5d19e88/	IGVF	IGVF
current	https://www.genome.gov/Funded-Programs-Projects/Impact-of-Genomic-Variation-on-Function-Consortium			Listing of awards (aka grants)	A Data and Administrative Coordinating Center for the Impact of Genomic Variation on Function Consortium	HG-000109	9/1/21	5/31/26	/users/860c4750-8d3c-40f5-8f2c-90c5e5d19e88/	IGVF	IGVF
current	https://www.genome.gov/Funded-Programs-Projects/Impact-of-Genomic-Variation-on-Function-Consortium			Listing of awards (aka grants)	A Data and Administrative Coordinating Center for the Impact of Genomic Variation on Function Consortium	HG-000110	9/1/21	5/31/26	/users/860c4750-8d3c-40f5-8f2c-90c5e5d19e88/	IGVF	IGVF
current	https://www.genome.gov/Funded-Programs-Projects/Impact-of-Genomic-Variation-on-Function-Consortium			Listing of awards (aka grants)	A Data and Administrative Coordinating Center for the Impact of Genomic Variation on Function Consortium	HG-000111	9/1/21	5/31/26	/users/860c4750-8d3c-40f5-8f2c-90c5e5d19e88/	IGVF	IGVF
current	https://www.genome.gov/Funded-Programs-Projects/Impact-of-Genomic-Variation-on-Function-Consortium			Listing of awards (aka grants)	A Data and Administrative Coordinating Center for the Impact of Genomic Variation on Function Consortium	HG-000112	9/1/21	5/31/26	/users/860c4750-8d3c-40f5-8f2c-90c5e5d19e88/	IGVF	IGVF
current	https://www.genome.gov/Funded-Programs-Projects/Impact-of-Genomic-Variation-on-Function-Consortium			Listing of awards (aka grants)	A Data and Administrative Coordinating Center for the Impact of Genomic Variation on Function Consortium	HG-000113	9/1/21	5/31/26	/users/860c4750-8d3c-40f5-8f2c-90c5e5d19e88/	IGVF	IGVF
current	https://www.genome.gov/Funded-Programs-Projects/Impact-of-Genomic-Variation-on-Function-Consortium			Listing of awards (aka grants)	A Data and Administrative Coordinating Center for the Impact of Genomic Variation on Function Consortium	HG-000114	9/1/21	5/31/26	/users/860c4750-8d3c-40f5-8f2c-90c5e5d19e88/	IGVF	IGVF
current	https://www.genome.gov/Funded-Programs-Projects/Impact-of-Genomic-Variation-on-Function-Consortium			Listing of awards (aka grants)	A Data and Administrative Coordinating Center for the Impact of Genomic Variation on Function Consortium	HG-000115	9/1/21	5/31/26	/users/860c4750-8d3c-40f5-8f2c-90c5e5d19e88/	IGVF	IGVF
current	https://www.genome.gov/Funded-Programs-Projects/Impact-of-Genomic-Variation-on-Function-Consortium			Listing of awards (aka grants)	A Data and Administrative Coordinating Center for the Impact of Genomic Variation on Function Consortium	HG-000116	9/1/21	5/31/26	/users/860c4750-8d3c-40f5-8f2c-90c5e5d19e88/	IGVF	IGVF
current	https://www.genome.gov/Funded-Programs-Projects/Impact-of-Genomic-Variation-on-Function-Consortium			Listing of awards (aka grants)	A Data and Administrative Coordinating Center for the Impact of Genomic Variation on Function Consortium	HG-000117	9/1/21	5/31/26	/users/860c4750-8d3c-40f5-8f2c-90c5e5d19e88/	IGVF	IGVF
current	https://www.genome.gov/Funded-Programs-Projects/Impact-of-Genomic-Variation-on-Function-Consortium			Listing of awards (aka grants)	A Data and Administrative Coordinating Center for the Impact of Genomic Variation on Function Consortium	HG-000118	9/1/21	5/31/26	/users/860c4750-8d3c-40f5-8f2c-90c5e5d19e88/	IGVF	IGVF
current	https://www.genome.gov/Funded-Programs-Projects/Impact-of-Genomic-Variation-on-Function-Consortium			Listing of awards (aka grants)	A Data and Administrative Coordinating Center for the Impact of Genomic Variation on Function Consortium	HG-000119	9/1/21	5/31/26	/users/860c4750-8d3c-40f5-8f2c-90c5e5d19e88/	IGVF	IGVF
current	https://www.genome.gov/Funded-Programs-Projects/Impact-of-Genomic-Variation-on-Function-Consortium			Listing of awards (aka grants)	A Data and Administrative Coordinating Center for the Impact of Genomic Variation on Function Consortium	HG-000120	9/1/21	5/31/26	/users/860c4750-8d3c-40f5-8f2c-90c5e5d19e88/	IGVF	IGVF
current	https://www.genome.gov/Funded-Programs-Projects/Impact-of-Genomic-Variation-on-Function-Consortium			Listing of awards (aka grants)	A Data and Administrative Coordinating Center for the Impact of Genomic Variation on Function Consortium	HG-000121	9/1/21	5/31/26	/users/860c4750-8d3c-40f5-8f2c-90c5e5d19e88/	IGVF	IGVF
current	https://www.genome.gov/Funded-Programs-Projects/Impact-of-Genomic-Variation-on-Function-Consortium			Listing of awards (aka grants)	A Data and Administrative Coordinating Center for the Impact of Genomic Variation on Function Consortium	HG-000122	9/1/21	5/31/26	/users/860c4750-8d3c-40f5-8f2c-90c5e5d19e88/	IGVF	IGVF
current	https://www.genome.gov/Funded-Programs-Projects/Impact-of-Genomic-Variation-on-Function-Consortium			Listing of awards (aka grants)	A Data and Administrative Coordinating Center for the Impact of Genomic Variation on Function Consortium	HG-000123	9/1/21	5/31/26	/users/860c4750-8d3c-40f5-8f2c-90c5e5d19e88/	IGVF	IGVF
current	https://www.genome.gov/Funded-Programs-Projects/Impact-of-Genomic-Variation-on-Function-Consortium			Listing of awards (aka grants)	A Data and Administrative Coordinating Center for the Impact of Genomic Variation on Function Consortium	HG-000124	9/1/21	5/31/26	/users/860c4750-8d3c-40f5-8f2c-90c5e5d19e88/	IGVF	IGVF
current	https://www.genome.gov/Funded-Programs-Projects/Impact-of-Genomic-Variation-on-Function-Consortium			Listing of awards (aka grants)	A Data and Administrative Coordinating Center for the Impact of Genomic Variation on Function Consortium	HG-000125	9/1/21	5/31/26	/users/860c4750-8d3c-40f5-8f2c-90c5e5d19e88/	IGVF	IGVF
current	https://www.genome.gov/Funded-Programs-Projects/Impact-of-Genomic-Variation-on-Function-Consortium			Listing of awards (aka grants)	A Data and Administrative Coordinating Center for the Impact of Genomic Variation on Function Consortium	HG-000126	9/1/21	5/31/26	/users/860c4750-8d3c-40f5-8f2c-90c5e5d19e88/	IGVF	IGVF
current	https://www.genome.gov/Funded-Programs-Projects/Impact-of-Genomic-Variation-on-Function-Consortium			Listing of awards (aka grants)	A Data and Administrative Coordinating Center for the Impact of Genomic Variation on Function Consortium	HG-000127	9/1/21	5/31/26	/users/860c4750-8d3c-40f5-8f2c-90c5e5d19e88/	IGVF	IGVF
current	https://www.genome.gov/Funded-Programs-Projects/Impact-of-Genomic-Variation-on-Function-Consortium			Listing of awards (aka grants)	A Data and Administrative Coordinating Center for the Impact of Genomic Variation on Function Consortium	HG-000128	9/1/21	5/31/26	/users/860c4750-8d3c-40f5-8f2c-90c5e5d19e88/	IGVF	IGVF
current	https://www.genome.gov/Funded-Programs-Projects/Impact-of-Genomic-Variation-on-Function-Consortium			Listing of awards (aka grants)	A Data and Administrative Coordinating Center for the Impact of Genomic Variation on Function Consortium	HG-000129	9/1/21	5/31/26	/users/860c4750-8d3c-40f5-8f2c-90c5e5d19e88/	IGVF	IGVF
current	https://www.genome.gov/Funded-Programs-Projects/Impact-of-Genomic-Variation-on-Function-Consortium			Listing of awards (aka grants)	A Data and Administrative Coordinating Center for the Impact of Genomic Variation on Function Consortium	HG-000130	9/1/21	5/31/26	/users/860c4750-8d3c-40f5-8f2c-90c5e5d19e88/	IGVF	IGVF
current	https://www.genome.gov/Funded-Programs-Projects/Impact-of-Genomic-Variation-on-Function-Consortium			Listing of awards (aka grants)	A Data and Administrative Coordinating Center for the Impact of Genomic Variation on Function Consortium	HG-000131	9/1/21	5/31/26	/users/860c4750-8d3c-40f5-8f2c-90c5e5d19e88/	IGVF	IGVF
current	https://www.genome.gov/Funded-Programs-Projects/Impact-of-Genomic-Variation-on-Function-Consortium			Listing of awards (aka grants)	A Data and Administrative Coordinating Center for the Impact of Genomic Variation on Function Consortium	HG-000132	9/1/21	5/31/26	/users/860c4750-8d3c-40f5-8f2c-90c5e5d19e88/	IGVF	IGVF
current	https://www.genome.gov/Funded-Programs-Projects/Impact-of-Genomic-Variation-on-Function-Consortium			Listing of awards (aka grants)	A Data and Administrative Coordinating Center for the Impact of Genomic Variation on Function Consortium	HG-000133	9/1/21	5/31/26	/users/860c4750-8d3c-40f5-8f2c-90c5e5d19e88/	IGVF	IGVF
current	https://www.genome.gov/Funded-Programs-Projects/Impact-of-Genomic-Variation-on-Function-Consortium			Listing of awards (aka grants)	A Data and Administrative Coordinating Center for the Impact of Genomic Variation on Function Consortium	HG-000134	9/1/21	5/31/26	/users/860c4750-8d3c-40f5-8f2c-90c5e5d19e88/	IGVF	IGVF
current	https://www.genome.gov/Funded-Programs-Projects/Impact-of-Genomic-Variation-on-Function-Consortium			Listing of awards (aka grants)	A Data and Administrative Coordinating Center for the Impact of Genomic Variation on Function Consortium	HG-000135	9/1/21	5/31/26	/users/860c4750-8d3c-40f5-8f2c-90c5e5d19e88/	IGVF	IGVF
current	https://www.genome.gov/Funded-Programs-Projects/Impact-of-Genomic-Variation-on-Function-Consortium			Listing of awards (aka grants)	A Data and Administrative Coordinating Center for the Impact of Genomic Variation on Function Consortium	HG-000136	9/1/21	5/31/26	/users/860c4750-8d3c-40f5-8f2c-90c5e5d19e88/	IGVF	IGVF
current	https://www.genome.gov/Funded-Programs-Projects/Impact-of-Genomic-Variation-on-Function-Consortium			Listing of awards (aka grants)	A Data and Administrative Coordinating Center for the Impact of Genomic Variation on Function Consortium	HG-000137	9/1/21	5/31/26	/users/860c4750-8d3c-40f5-8f2c-90c5e5d19e88/	IGVF	IGVF
current	https://www.genome.gov/Funded-Programs-Projects/Impact-of-Genomic-Variation-on-Function-Consortium			Listing of awards (aka grants)	A Data and Administrative Coordinating Center for the Impact of Genomic Variation on Function Consortium	HG-000138	9/1/21	5/31/26	/users/860c4750-8d3c-40f5-8f2c-90c5e5d19e88/	IGVF	IGVF
current	https://www.genome.gov/Funded-Programs-Projects/Impact-of-Genomic-Variation-on-Function-Consortium			Listing of awards (aka grants)	A Data and Administrative Coordinating Center for the Impact of Genomic Variation on Function Consortium	HG-000139	9/1/21	5/31/26	/users/860c4750-8d3c-40f5-8f2c-90c5e5d19e88/	IGVF	IGVF
current	https://www.genome.gov/Funded-Programs-Projects/Impact-of-Genomic-Variation-on-Function-Consortium			Listing of awards (aka grants)	A Data and Administrative Coordinating Center for the Impact of Genomic Variation on Function Consortium	HG-000140	9/1/21	5/31/26	/users/860c4750-8d3c-40f5-8f2c-90c5e5d19e88/	IGVF	IGVF
current	https://www.genome.gov/Funded-Programs-Projects/Impact-of-Genomic-Variation-on-Function-Consortium			Listing of awards (aka grants)	A Data and Administrative Coordinating Center for the Impact of Genomic Variation on Function Consortium	HG-000141	9/1/21	5/31/26	/users/860c4750-8d3c-40f5-8f2c-90c5e5d19e88/	IGVF	IGVF
current	https://www.genome.gov/Funded-Programs-Projects/Impact-of-Genomic-Variation-on-Function-Consortium			Listing of awards (aka grants)	A Data and Administrative Coordinating Center for the Impact of Genomic Variation on Function Consortium	HG-000142	9/1/21	5/31/26	/users/860c4750-8d3c-40f5-8f2c-90c5e5d19e88/	IGVF	IGVF
current	https://www.genome.gov/Funded-Programs-Projects/Impact-of-Genomic-Variation-on-Function-Consortium			Listing of awards (aka grants)	A Data and Administrative Coordinating Center for the Impact of Genomic Variation on Function Consortium	HG-000143	9/1/21	5/31/26	/users/860c4750-8d3c-40f5-8f2c-90c5e5d19e88/	IGVF	IGVF
current	https://www.genome.gov/Funded-Programs-Projects/Impact-of-Genomic-Variation-on-Function-Consortium			Listing of awards (aka grants)	A Data and Administrative Coordinating Center for the Impact of Genomic Variation on Function Consortium	HG-000144	9/1/21	5/31/26	/users/860c4750-8d3c-40f5-8f2c-90c5e5d19e88/	IGVF	IGVF
current	https://www.genome.gov/Funded-Programs-Projects/Impact-of-Genomic-Variation-on-Function-Consortium			Listing of awards (aka grants)	A Data and Administrative Coordinating Center for the Impact of Genomic Variation on Function Consortium	HG-000145	9/1/21	5/31/26	/users/860c4750-8d3c-40f5-8f2c-90c5e5d19e88/	IGVF	IGVF
current	https://www.genome.gov/Funded-Programs-Projects/Impact-of-Genomic-Variation-on-Function-Consortium			Listing of awards (aka grants)	A Data and Administrative Coordinating Center for the Impact of Genomic Variation on Function Consortium	HG-000146	9/1/21	5/31/26	/users/860c4750-8d3c-40f5-8f2c-90c5e5d19e88/	IGVF	IGVF
current	https://www.genome.gov/Funded-Programs-Projects/Impact-of-Genomic-Variation-on-Function-Consortium			Listing of awards (aka grants)	A Data and Administrative Coordinating Center for the Impact of Genomic Variation on Function Consortium	HG-000147	9/1/21	5/31/26	/users/860c4750-8d3c-40f5-8f2c-90c5e5d19e88/	IGVF	IGVF
current	https://www.genome.gov/Funded-Programs-Projects/Impact-of-Genomic-Variation-on-Function-Consortium			Listing of awards (aka grants)	A Data and Administrative Coordinating Center for the Impact of Genomic Variation on Function Consortium	HG-000148	9/1/21	5/31/26	/users/860c4750-8d3c-40f5-8f2c-90c5e5d19e88/	IGVF	IGVF
current	https://www.genome.gov/Funded-Programs-Projects/Impact-of-Genomic-Variation-on-Function-Consortium			Listing of awards (aka grants)	A Data and Administrative Coordinating Center for the Impact of Genomic Variation on Function Consortium	HG-000149	9/1/21	5/31/26	/users/860c4750-8d3c-40f5-8f2c-90c5e5d19e88/	IGVF	IGVF
current	https://www.genome.gov/Funded-Programs-Projects/Impact-of-Genomic-Variation-on-Function-Consortium			Listing of awards (aka grants)	A Data and Administrative Coordinating Center for the Impact of Genomic Variation on Function Consortium	HG-000150	9/1/21	5/31/26	/users/860c4750-8d3c-40f5-8f2c-90c5e5d19e88/	IGVF	IGVF
current	https://www.genome.gov/Funded-Programs-Projects/Impact-of-Genomic-Variation-on-Function-Consortium			Listing of awards (aka grants)	A Data and Administrative Coordinating Center for the Impact of Genomic Variation on Function Consortium	HG-000151	9/1/21	5/31/26	/users/860c4750-8d3c-40f5-8f2c-90c5e5d19e88/	IGVF	IGVF
current	https://www.genome.gov/Funded-Programs-Projects/Impact-of-Genomic-Variation-on-Function-Consortium			Listing of awards (aka grants)	A Data and Administrative Coordinating Center for the Impact of Genomic Variation on Function Consortium	HG-000152	9/1/21	5/31/26	/users/860c4750-8d3c-40f5-8f2c-90c5e5d19e88/	IGVF	IGVF
current	https://www.genome.gov/Funded-Programs-Projects/Impact-of-Genomic-Variation-on-Function-Consortium			Listing of awards (aka grants)	A Data and Administrative Coordinating Center for the Impact of Genomic Variation on Function Consortium	HG-000153	9/1/21	5/31/26	/users/860c4750-8d3c-40f5-8f2c-90c5e5d19e88/	IGVF	IGVF
current	https://www.genome.gov/Funded-Programs-Projects/Impact-of-Genomic-Variation-on-Function-Consortium			Listing of awards (aka grants)	A Data and Administrative Coordinating Center for the Impact of Genomic Variation on Function Consortium	HG-000154	9/1/21	5/31/26	/users/860c4750-8d3c-40f5-8f2c-90c5e5d19e88/	IGVF	IGVF
current	https://www.genome.gov/Funded-Programs-Projects/Impact-of-Genomic-Variation-on-Function-Consortium			Listing of awards (aka grants)	A Data and Administrative Coordinating Center for the Impact of Genomic Variation on Function Consortium	HG-000155	9/1/21	5/31/26	/users/860c4750-8d3c-40f5-8f2c-90c5e5d19e88/	IGVF	IGVF
current	https://www.genome.gov/Funded-Programs-Projects/Impact-of-Genomic-Variation-on-Function-Consortium			Listing of awards (aka grants)	A Data and Administrative Coordinating Center for the Impact of Genomic Variation on Function Consortium	HG-000156	9/1/21	5/31/26	/users/860c4750-8d3c-40f5-8f2c-90c5e5d19e88/	IGVF	IGVF
current	https://www.genome.gov/Funded-Programs-Projects/Impact-of-Genomic-Variation-on-Function-Consortium			Listing of awards (aka grants)	A Data and Administrative Coordinating Center for the Impact of Genomic Variation on Function Consortium	HG-000157	9/1/21	5/31/26	/users/860c4750-8d3c-40f5-8f2c-90c5e5d19e88/	IGVF	IGVF
current	https://www.genome.gov/Funded-Programs-Projects/Impact-of-Genomic-Variation-on-Function-Consortium			Listing of awards (aka grants)	A Data and Administrative Coordinating Center for the Impact of Genomic Variation on Function Consortium	HG-000158	9/1/21	5/31/26	/users/860c4750-8d3c-40f5-8f2c-90c5e5d19e88/	IGVF	IGVF
current	https://www.genome.gov/Funded-Programs-Projects/Impact-of-Genomic-Variation-on-Function-Consortium			Listing of awards (aka grants)	A Data and Administrative Coordinating Center for the Impact of Genomic Variation on Function Consortium	HG-000159	9/1/21	5/31/26	/users/860c4750-8d3c-40f5-8f2c-90c5e5d19e88/	IGVF	IGVF
current	https://www.genome.gov/Funded-Programs-Projects/Impact-of-Genomic-Variation-on-Function-Consortium			Listing of awards (aka grants)	A Data and Administrative Coordinating Center for the Impact of Genomic Variation on Function Consortium	HG-000160	9/1/21	5/31/26	/users/860c4750-8d3c-40f5-8f2c-90c5e5d19e88/	IGVF	IGVF
current	https://www.genome.gov/Funded-Programs-Projects/Impact-of-Genomic-Variation-on-Function-Consortium			Listing of awards (aka grants)	A Data and Administrative Coordinating Center for the Impact of Genomic Variation on Function Consortium	HG-000161	9/1/21	5/31/26	/users/860c4750-8d3c-40f5-8f2c-90c5e5d19e88/	IGVF	IGVF
current	https://www.genome.gov/Funded-Programs-Projects/Impact-of-Genomic-Variation-on-Function-Consortium			Listing of awards (aka grants)	A Data and Administrative Coordinating Center for the Impact of Genomic Variation on Function Consortium	HG-000162	9/1/21	5/31/26	/users/860c4750-8d3c-40f5-8f2c-90c5e5d19e88/	IGVF	IGVF
current	https://www.genome.gov/Funded-Programs-Projects/Impact-of-Genomic-Variation-on-Function-Consortium			Listing of awards (aka grants)	A Data and Administrative Coordinating Center for the Impact of Genomic Variation on Function Consortium	HG-000163	9/1/21	5/31/26	/users/860c4750-8d3c-40f5-8f2c-90c5e5d19e88/	IGVF	IGVF
current	https://www.genome.gov/Funded-Programs-Projects/Impact-of-Genomic-Variation-on-Function-Consortium			Listing of awards (aka grants)	A Data and Administrative Coordinating Center for the Impact of Genomic Variation on Function Consortium	HG-000164	9/1/21	5/31/26	/users/860c4750-8d3c-40f5-8f2c-90c5e5d19e88/	IGVF	IGVF
current	https://www.genome.gov/Funded-Programs-Projects/Impact-of-Genomic-Variation-on-Function-Consortium			Listing of awards (aka grants)	A Data and Administrative Coordinating Center for the Impact of Genomic Variation on Function Consortium	HG-000165	9/1/21	5/31/26	/users/860c4750-8d3c-40f5-8f2c-90c5e5d19e88/	IGVF	IGVF
current	https://www.genome.gov/Funded-Programs-Projects/Impact-of-Genomic-Variation-on-Function-Consortium			Listing of awards (aka grants)	A Data and Administrative Coordinating Center for the Impact of Genomic Variation on Function Consortium	HG-000166	9/1/21	5/31/26	/users/860c4750-8d3c-40f5-8f2c-90c5e5d19e88/	IGVF	IGVF
current	https://www.genome.gov/Funded-Programs-Projects/Impact-of-Genomic-Variation-on-Function-Consortium			Listing of awards (aka grants)	A Data and Administrative Coordinating Center for the Impact of Genomic Variation on Function Consortium	HG-000167	9/1/21	5/31/26	/users/860c4750-8d3c-40f5-8f2c-90c5e5d19e88/	IGVF	IGVF
current	https://www.genome.gov/Funded-Programs-Projects/Impact-of-Genomic-Variation-on-Function-Consortium			Listing of awards (aka grants)	A Data and Administrative Coordinating Center for the Impact of Genomic Variation on Function Consortium	HG-000168	9/1/21	5/31/26	/users/860c4750-8d3c-40f5-8f2c-90c5e5d19e88/	IGVF	IGVF
current	https://www.genome.gov/Funded-Programs-Projects/Impact-of-Genomic-Variation-on-Function-Consortium			Listing of awards (aka grants)	A Data and Administrative Coordinating Center for the Impact of Genomic Variation on Function Consortium	HG-000169	9/1/21	5/31/26	/users/860c4750-8d3c-40f5-8f2c-90c5e5d19e88/	IGVF	IGVF
current	https://www.genome.gov/Funded-Programs-Projects/Impact-of-Genomic-Variation-on-Function-Consortium			Listing of awards (aka grants)	A Data and Administrative Coordinating Center for the Impact of Genomic Variation on Function Consortium	HG-000170	9/1/21	5/31/26	/users/860c4750-8d3c-40f5-8f2c-90c5e5d19e88/	IGVF	IGVF
current	https://www.genome.gov/Funded-Programs-Projects/Impact-of-Genomic-Variation-on-Function-Consortium			Listing of awards (aka grants)	A Data and Administrative Coordinating Center for the Impact of Genomic Variation on Function Consortium	HG-000171	9/1/21	5/31/26	/users/860c4750-8d3c-40f5-8f2c-90c5e5d19e88/	IGVF	IGVF
current	https://www.genome.gov/Funded-Programs-Projects/Impact-of-Genomic-Variation-on-Function-Consortium			Listing of awards (aka grants)	A Data and Administrative Coordinating Center for the Impact of Genomic Variation on Function Consortium	HG-000172	9/1/21	5/31/26	/users/860c4750-8d3c-40f5-8f2c-90c5e5d19e88/	IGVF	IGVF
current	https://www.genome.gov/Funded-Programs-Projects/Impact-of-Genomic-Variation-on-Function-Consortium			Listing of awards (aka grants)	A Data and Administrative Coordinating Center for the Impact of Genomic Variation on Function Consortium	HG-000173	9/1/21	5/31/26	/users/860c4750-8d3c-40f5-8f2c-90c5e5d19e88/	IGVF	IGVF
current	https://www.genome.gov/Funded-Programs-Projects/Impact-of-Genomic-Variation-on-Function-Consortium			Listing of awards (aka grants)	A Data and Administrative Coordinating Center for the Impact of Genomic Variation on Function Consortium	HG-000174	9/1/21	5/31/26	/users/860c4750-8d3c-40f5-8f2c-90c5e5d19e88/	IGVF	IGVF
current	https://www.genome.gov/Funded-Programs-Projects/Impact-of-Genomic-Variation-on-Function-Consortium			Listing of awards (aka grants)	A Data and Administrative Coordinating Center for the Impact of Genomic Variation on Function Consortium	HG-000175	9/1/21	5/31/26	/users/860c4750-8d3c-40f5-8f2c-90c5e5d19e88/	IGVF	IGVF
current	https://www.genome.gov/Funded-Programs-Projects/Impact-of-Genomic-Variation-on-Function-Consortium			Listing of awards (aka grants)	A Data and Administrative Coordinating Center for the Impact of Genomic Variation on Function Consortium	HG-000176	9/1/21	5/31/26	/users/860c4750-8d3c-40f5-8f2c-90c5e5d19e88/	IGVF	IGVF
current	https://www.genome.gov/Funded-Programs-Projects/Impact-of-Genomic-Variation-on-Function-Consortium			Listing of awards (aka grants)	A Data and Administrative Coordinating Center for the Impact of Genomic Variation on Function Consortium	HG-000177	9/1/21	5/31/26	/users/860c4750-8d3c-40f5-8f2c-90c5e5d19e88/	IGVF	IGVF
current	https://www.genome.gov/Funded-Programs-Projects/Impact-of-Genomic-Variation-on-Function-Consortium			Listing of awards (aka grants)	A Data and Administrative Coordinating Center for the Impact of Genomic Variation on Function Consortium	HG-000178	9/1/21	5/31/26	/users/860c4750-8d3c-40f5-8f2c-90c5e5d19e88/	IGVF	IGVF
current	https://www.genome.gov/Funded-Programs-Projects/Impact-of-Genomic-Variation-on-Function-Consortium			Listing of awards (aka grants)	A Data and Administrative Coordinating Center for the Impact of Genomic Variation on Function Consortium	HG-000179	9/1/21	5/31/26	/users/860c4750-8d3c-40f5-8f2c-90c5e5d19e88/	IGVF	IGVF
current	https://www.genome.gov/Funded-Programs-Projects/Impact-of-Genomic-Variation-on-Function-Consortium			Listing of awards (aka grants)	A Data and Administrative Coordinating Center for the Impact of Genomic Variation on Function Consortium	HG-000180	9/1/21	5/31/26	/users/860c4750-8d3c-40f5-8f2c-90c5e5d19e88/	IGVF	IGVF
current	https://www.genome.gov/Funded-Programs-Projects/Impact-of-Genomic-Variation-on-Function-Consortium			Listing of awards (aka grants)	A Data and Administrative Coordinating Center for the Impact of Genomic Variation on Function Consortium	HG-000181	9/1/21	5/31/26	/users/860c4750-8d3c-40f5-8f2c-90c5e5d19e88/	IGVF	IGVF
current	https://www.genome.gov/Funded-Programs-Projects/Impact-of-Genomic-Variation-on-Function-Consortium			Listing of awards (aka grants)	A Data and Administrative Coordinating Center for the Impact of Genomic Variation on Function Consortium	HG-000182	9/1/21	5/31/26	/users/860c4750-8d3c-40f5-8f2c-90c5e5d19e88/	IGVF	IGVF
current	https://www.genome.gov/Funded-Programs-Projects/Impact-of-Genomic-Variation-on-Function-Consortium			Listing of awards (aka grants)	A Data and Administrative Coordinating Center for the Impact of Genomic Variation on Function Consortium	HG-000183	9/1/21	5/31/26	/users/860c4750-8d3c-40f5-8f2c-90c5e5d19e88/	IGVF	IGVF
current	https://www.genome.gov/Funded-Programs-Projects/Impact-of-Genomic-Variation-on-Function-Consortium			Listing of awards (aka grants)	A Data and Administrative Coordinating Center for the Impact of Genomic Variation on Function Consortium	HG-000184	9/1/21	5/31/26	/users/860c4750-8d3c-40f5-8f2c-90c5e5d19e88/	IGVF	IGVF
current	https://www.genome.gov/Funded-Programs-Projects/Impact-of-Genomic-Variation-on-Function-Consortium			Listing of awards (aka grants)	A Data and Administrative Coordinating Center for the Impact of Genomic Variation on Function Consortium	HG-000185	9/1/21	5/31/26	/users/860c4750-8d3c-40f5-8f2c-90c5e5d19e88/	IGVF	IGVF
current	https://www.genome.gov/Funded-Programs-Projects/Impact-of-Genomic-Variation-on-Function-Consortium			Listing of awards (aka grants)	A Data and Administrative Coordinating Center for the Impact of Genomic Variation on Function Consortium	HG-000186	9/1/21	5/31/26	/users/860c4750-8d3c-40f5-8f2c-90c5e5d19e88/	IGVF	IGVF
current	https://www.genome.gov/Funded-Programs-Projects/Impact-of-Genomic-Variation-on-Function-Consortium			Listing of awards (aka grants)	A Data and Administrative Coordinating Center for the Impact of Genomic Variation on Function Consortium	HG-000187	9/1/21	5/31/26	/users/860c4750-8d3c-40f5-8f2c-90c5e5d19e88/	IGVF	IGVF
current	https://www.genome.gov/Funded-Programs-Projects/Impact-of-Genomic-Variation-on-Function-Consortium			Listing of awards (aka grants)	A Data and Administrative Coordinating Center for the Impact of Genomic Variation on Function Consortium	HG-000188	9/1/21	5/31/26	/users/860c4750-8d3c-40f5-8f2c-90c5e5d19e88/	IGVF	IGVF
current	https://www.genome.gov/Funded-Programs-Projects/Impact-of-Genomic-Variation-on-Function-Consortium			Listing of awards (aka grants)	A Data and Administrative Coordinating Center for the Impact of Genomic Variation on Function Consortium	HG-000189	9/1/21	5/31/26	/users/860c4750-8d3c-40f5-8f2c-90c5e5d19e88/	IGVF	IGVF
current	https://www.genome.gov/Funded-Programs-Projects/Impact-of-Genomic-Variation-on-Function-Consortium			Listing of awards (aka grants)	A Data and Administrative Coordinating Center for the Impact of Genomic Variation on Function Consortium	HG-000190	9/1/21	5/31/26	/users/860c4750-8d3c-40f5-8f2c-90c5e5d19e88/	IGVF	IGVF
current	https://www.genome.gov/Funded-Programs-Projects/Impact-of-Genomic-Variation-on-Function-Consortium			Listing of awards (aka grants)	A Data and Administrative Coordinating Center for the Impact of Genomic Variation on Function Consortium	HG-000191	9/1/21	5/31/26	/users/860c4750-8d3c-40f5-8f2c-90c5e5d19e88/	IGVF	IGVF
current	https://www.genome.gov/Funded-Programs-Projects/Impact-of-Genomic-Variation-on-Function-Consortium			Listing of awards (aka grants)	A Data and Administrative Coordinating Center for the Impact of Genomic Variation on Function Consortium	HG-000192	9/1/21	5/31/26	/users/860c4750-8d3c-40f5-8f2c-90c5e5d19e88/	IGVF	IGVF
current	https://www.genome.gov/Funded-Programs-Projects/Impact-of-Genomic-Variation-on-Function-Consortium			Listing of awards (aka grants)	A Data and Administrative Coordinating Center for the Impact of Genomic Variation on Function Consortium	HG-000193	9/1/21	5/31/26	/users/860c4750-8d3c-40f5-8f2c-90c5e5d19e88/	IGVF	IGVF
current	https://www.genome.gov/Funded-Programs-Projects/Impact-of-Genomic-Variation-on-Function-Consortium			Listing of awards (aka grants)	A Data and Administrative Coordinating Center for the Impact of Genomic Variation on Function Consortium	HG-000194	9/1/21	5/31/26	/users/860c4750-8d3c-40f5-8f2c-90c5e5d19e88/	IGVF	IGVF
current	https://www.genome.gov/Funded-Programs-Projects/Impact-of-Genomic-Variation-on-Function-Consortium			Listing of awards (aka grants)	A Data and Administrative Coordinating Center for the Impact of Genomic Variation on Function Consortium	HG-000195	9/1/21	5/31/26	/users/860c4750-8d3c-40f5-8f2c-90c5e5d19e88/	IGVF	IGVF
current	https://www.genome.gov/Funded-Programs-Projects/Impact-of-Genomic-Variation-on-Function-Consortium			Listing of awards (aka grants)	A Data and Administrative Coordinating Center for the Impact of Genomic Variation on Function Consortium	HG-000196	9/1/21	5/31/26	/users/860c4750-8d3c-40f5-8f2c-90c5e5d19e88/	IGVF	IGVF
current	https://www.genome.gov/Funded-Programs-Projects/Impact-of-Genomic-Variation-on-Function-Consortium			Listing of awards (aka grants)	A Data and Administrative Coordinating Center for the Impact of Genomic Variation on Function Consortium	HG-000197	9/1/21	5/31/26	/users/860c4750-8d3c-40f5-8f2c-90c5e5d19e88/	IGVF	IGVF
current	https://www.genome.gov/Funded-Programs-Projects/Impact-of-Genomic-Variation-on-Function-Consortium			Listing of awards (aka grants)	A Data and Administrative Coordinating Center for the Impact of Genomic Variation on Function Consortium	HG-000198	9/1/21	5/31/26	/users/860c4750-8d3c-40f5-8f2c-90c5e5d19e88/	IGVF	IGVF
current	https://www.genome.gov/Funded-Programs-Projects/Impact-of-Genomic-Variation-on-Function-Consortium			Listing of awards (aka grants)	A Data and Administrative Coordinating Center for the Impact of Genomic Variation on Function Consortium	HG-000199	9/1/21	5/31/26	/users/860c4750-8d3c-40f5-8f2c-90c5e5d19e88/	IGVF	IGVF
current	https://www.genome.gov/Funded-Programs-Projects/Impact-of-Genomic-Variation-on-Function-Consortium			Listing of awards (aka grants)	A Data and Administrative Coordinating Center for the Impact of Genomic Variation on Function Consortium	HG-000200	9/1/21	5/31/26	/users/860c4750-8d3c-40f5-8f2c-90c5e5d19e88/	IGVF	IGVF